,n_positive,n_negative,accuracy,sensitivity,specificity,auroc
abnormal,11512.0,2641.0,0.7527732636190207,0.8855107713690062,0.17417644831503218,0.49656096965081825
tachycardia,2887.0,11266.0,0.8759980216208577,0.4735019050917908,0.9791407775608024,0.7246063959160943
bradycardia,988.0,13165.0,0.9318872323888928,0.24190283400809717,0.9836688188378275,
axis_deviation,454.0,13699.0,0.9679219953366778,0.0,1.0,
qtc_prolonged,482.0,13671.0,0.4375750724228079,0.5726141078838174,0.4328139858093775,
conduction_abnormal,1063.0,13090.0,0.24312866530064298,0.7789275634995296,0.19961802902979373,
hypertrophy,1484.0,12669.0,0.8965590334204763,0.15633423180592992,0.9832662404293946,
